Hydrogenase_type,Hydrogenase_group,group_type,Function,Fuction_description,Gene name,Localization,UniProt_EC_number,PFAM,Representative_organism,Operonic_structure,Catalytic_subunit,Sequence_accession,Structure_accession,Structure_type,Metal_cofactors,Organic_cofactors,Selenocysteine,Citation,URL,faa,correspondence accession - structure
NiFe hydrogenase,Group 1a,ancestral,Respiration,"Liberates electrons for sulphate, metal,organohalide and methanogenic heterodisulphide respiration. O2-sensitive (NiFe variants) or O2-tolerant (NiFeSe variants)",hys,periplasm,1.12.7.2,PF00374﻿,Desulfomicrobium baculatum (Desulfovibrio baculatus),hysBAD (-),HysA,ACU90057.1,4KL8,Asymmetric - C1                                                                                                                                                                                                                                                                                                                            Hetero 2-mer - A1B1,"Fe4S4, Ni2+","C3FeN2O, C3H8O3",yes,Volbeda A. et al. 2013,https://pubs.rsc.org/en/content/articlelanding/2013/cc/c3cc43619e#!divCitation,">WP_015774148.1 nickel-dependent hydrogenase large subunit [Desulfomicrobium baculatum]
MSQAATPAADGKVKISIDPLTRVEGHLKIEVEVKDGKVVDAKCSGGMFRGFEQILRGRDPRDSSQIVQRI
CGVCPTAHCTASVMAQDDAFGVKVTTNGRITRNLIFGANYLQSHILHFYHLAALDYVKGPDVSPFVPRYA
NADLLTDRIKDGAKADATNTYGLNQYLKALEIRRICHEMVAMFGGRMPHVQGMVVGGATEIPTADKVAEY
AARFKEVQKFVIEEYLPLIYTLGSVYTDLFETGIGWKNVIAFGVFPEDDDYKTFLLKPGVYIDGKDEEFD
SKLVKEYVGHSFFDHSAPGGLHYSVGETNPNPDKPGAYSFVKAPRYKDKPCEVGPLARMWVQNPELSPVG
QKLLKELYGIEAKNFRDLGDKAFSIMGRHVARAEETWLTAVAVEKWLKQVQPGAETYVKSEIPDAAEGTG
FTEAPRGALLHYLKIKDKKIENYQIVSATLWNANPRDDMGQRGPIEEALIGVPVPDIKNPVNVGRLVRSY
DPULGCAVHVLHAETGEEHVVNID",99.63%
NiFe hydrogenase,Group 1b,prototypical,Respiration,"Uptakes unidirectionally H2 and liberates electrons for sulphate, fumarate and nitrate respiration. O2-sensitive",hyd,cell membrane/periplasm,1.12.2.1,PF00374﻿,Megalodesulfovibrio gigas DSM 1382,hydCDAB (-),HydA,WP_021760964.1,1YQ9,Asymmetric - C1                                                                                                                                                                                                                                                                                                                            Hetero 2-mer - A1B1,"Fe4S4, Fe3S4, FeH6O3, Ni(2+), Mg(2+)","C3FeN2O, C3H8O3,",no,Volbeda A. et al. 2005,https://link.springer.com/article/10.1007/s00775-005-0632-x,">WP_021760964.1 nickel-dependent hydrogenase large subunit [Desulfovibrio gigas]
MSEMQGNKIVVDPITRIEGHLRIEVEVEGGKIKNAWSMSTLFRGLEMILKGRDPRDAQHFTQRACGVCTY
VHALASVRAVDNCVGVKIPENATLMRNLTMGAQYMHDHLVHFYHLHALDWVNVANALNADPAKAARLAND
LSPRKTTTESLKAVQAKVKALVESGQLGIFTNAYFLGGHPAYVLPAEVDLIATAHYLEALRVQVKAARAM
AIFGAKNPHTQFTVVGGCTNYDSLRPERIAEFRKLYKEVREFIEQVYITDLLAVAGFYKNWAGIGKTSNF
LTCGEFPTDEYDLNSRYTPQGVIWGNDLSKVDDFNPDLIEEHVKYSWYEGADAHHPYKGVTKPKWTEFHG
EDRYSWMKAPRYKGEAFEVGPLASVLVAYAKKHEPTVKAVDLVLKTLGVGPEALFSTLGRTAARGIQCLT
AAQEVEVWLDKLEANVKAGKDDLYTDWQYPTESQGVGFVNAPRGMLSHWIVQRGGKIENFQLVVPSTWNL
GPRCAEGKLSAVEQALIGTPIADPKRPVEILRTVHSYDPCIACGVHVIDPESNQVHKFRIL",99.63%
NiFe hydrogenase,Group 1c,Hyb type,Respiration/Uptake,"Liberates electrons primarily for fumarate
Uptake and respiration. Unidirectional. Can also fermentatively evolve H2 under hypoxia.",hyb,cell membrane,1.12.99.6,PF00374﻿,Escherichia coli (strain K12),HybOABCDEFG (-),HybA,WP_021568771.1,6EHQ,"Cyclic - C2 
Hetero 4-mer - A2B2","Fe4S4, Fe3S4, Ni(2+), Mg(2+)",C3FeN2O,no,Pinske C. et al. 2015,https://journals.asm.org/doi/10.1128/jb.02335-14,">WP_021568771.1 hydrogenase 2 large subunit [Escherichia coli]
MSQRITIDPVTRIEGHLRIDCEIENGVVSKAWASGTMWRGMEEIVKNRDPRDAWMIVQRICGVCTTTHAL
SSVRAAESALNIDVPVNAQYIRNIILAAHTTHDHIVHFYQLSALDWVDITSALQADPTKASEMLKGVSTW
HLNSPEEFTKVQNKIKDLVASGQLGIFANGYWGHPAMKLPPEVNLIAVAHYLQALECQRDANRVVALLGG
KTPHIQNLAVGGVANPINLDGLGVLNLERLMYIKSFIDKLSDFVEQVYKVDTAVIAAFYPEWLTRGKGAV
NYLSVPEFPTDSKNGSFLFPGGYIENADLSSYRPITSHSDEYLIKGIQESEKHSWYKDEAPQAPWEGTTI
PAYDGWSDDGKYSWVKSPTFYGKTVEVGPLANMLVKLAAGRESTQNKLNEIVAIYQKLTGNTLEVAQLHS
TLGRIIGRTVHCCELQDILQNQYSALITNIGKGDHTTFVKPNIPATGEFKGVGFLEAPRGMLSHWMVIKD
GIISNYQAVVPSTWNSGPRNFNDDVGPYEQSLVGTPVADPNKPLEVVRTIHSFDPCMACAVHVVDADGNE
VVSVKVL",99.82%
NiFe hydrogenase,Group 1d,oxygen tolerant,Respiration,Respiration using O2 or fumarate as terminal electron acceptors.. O2-Tolerant. In complex with cytochrome b and quinone to transfer electrons to terminal reductase.,hya,cytoplasmic membrane,1.12.99.6,PF01292﻿,Escherichia coli (strain K12),hyaABCDEF (+),HyaB,WP_021522685.1,3USE," Asymmetric - C1 
Hetero 2-mer - A1B1 ","Ni(3+), Li (+), Mg(2+) ","C3FeN2O, C3H8O3,",no,Volbeda A. et al. 2013,https://www.cell.com/structure/fulltext/S0969-2126(12)00425-X?_returnURL=https%3A%2F%2Flinkinghub.elsevier.com%2Fretrieve%2Fpii%2FS096921261200425X%3Fshowall%3Dtrue,">WP_021522685.1 Ni/Fe-hydrogenase large subunit [Escherichia coli]
MSTQYETQGYTINNAGRRLVVDPITRIEGHMRCEVNINDQNVITNAVSCGTMFRGLEIILQGRDPRDAWA
FVERICGVCTGVHALASVYAIEDAIGIKVPDNANIIRNIMLATLWCHDHLVHFYQLAGMDWIDVLDALKA
DPRKTSELAQSLSSWPKSSPGYFFDVQNRLKKFVEGGQLGIFRNGYWGHPQYKLPPEANLMGFAHYLEAL
DFQREIVKIHAVFGGKNPHPNWIVGGMPCAINIDESGAVGAVNMERLNLVQSIITRTADFINNVMIPDAL
AIGQFNKPWSEIGTGLSDKCVLSYGSFPDIANDFSEKSLLMPGGAVINGDFNNVLPVDLVDPQQVQEFVD
HAWYRYPNDQVGRHPFDGITDPWYNPGDVKGSDTNIQQLNEQERYSWIKAPRWRGNAMEVGPLARTLIAY
HKGDAATVESVDRMMSALKLPLSGIQSTLGRILCRAHEAQWAAGKLQYFFDKLMTNLKNGNLATASTEKW
EPATWPTECRGVGFTEAPRGALGHWAAIRDGKIDLYQCVVPTTWNASPRDPKGQIGAYEAALMNTKMAIP
EQPLEILRTLHSFDPCLACSTHVLGDDGSELISVQVR",99.48%
NiFe hydrogenase,Group 1e,Isp type,Respiration/Uptake,Liberates electrons primarily for sulphur respiration. O2-sensitive. Potentially involved in H2 evolution using sulfur-derived electrons possibly through reversed electron flow or electron-bifurcation,hyd,cell membrane,1.12.99.6,"PF14720,
PF01058",Allochromatium vinosum DSM 180,hydA(Fe-S)BC (-),HydA,WP_012971230.1,3MYR,"Asymmetric - C1 
Hetero 2-mer - A1B1","Fe4S4, Fe3S4, Mg(2+)","C3FeN2NiO2, C3H5N2",no,Ogata H. et al. 2010,https://www.sciencedirect.com/science/article/abs/pii/S0022283610008065?via%3Dihub,">WP_012971230.1 nickel-dependent hydrogenase large subunit [Allochromatium vinosum]
MSERIVVDPITRIEGHLRIEAQMDGATIAQAYSSGTMVRGIETILKGRDPRDAWAFVQRICGVCTLVHGI
ASVRAVEDALRIELPLNAQLIRNLMIGAQYIHDHVMHFYHLHALDWVDVVSALSADPRATSELAQSISAW
PKSSPGYFADTQKRIKTFVESGQLGIFANGYWGHPAYRLPPEANLMAVAHYLEALAWQRDTAKFHAIFGG
KNPHPNFVVGGVPSPIDLDSDSALNAKRLAEVRNLIQSMRTFVDQVYVPDTLAIAGFYKDWGERGEGLGN
FLCYGDLPTGASLDPATFLFPRGAILDRDLSTIHEVDLEATGEIQEFVNHSWYEYSVGNDRGLHPYEGQT
NLEYDRRGGVAPPYKQLDVSDGYSWLKAPRWKGRSVEVGPLARVLMLYATGHDQARELVDSTLSRLDLPV
DALYSTLGRTAARALESKILVDAMQGWYDGLIANVKSGDTKTFNETLWEPSSWPSRAQGVGIMEAPRGAL
GHWIVIEDGRIANYQAVVPSTWNAGPRDGRGQAGAYEAALQDNHQLVDVKQPIEILRTIHSFDPCIACAV
HLADPESGESFQVRVV",100%
NiFe hydrogenase,Group 1f,oxygen protecting,Unresolved/Respiration,Unresolved. May promote respiration using O2 as a terminal electron acceptor. Anaerobic uptake as protection from reactive oxygen species and recycling of nitrogenase-derived H2.,hya,cell membrane,1.12.99.6,PF00374﻿,Geobacter sulfurreducens ,HyaDHAB (-),HyaA,WP_010940798.1,-,,-,-,no,Butler J.E. et al. 2012,https://bmcgenomics.biomedcentral.com/articles/10.1186/1471-2164-13-471,">WP_010940798.1 nickel-dependent hydrogenase large subunit [Geobacter sulfurreducens]
MAMIVVDPITRIEGHLRIQAEVNGGRITDAWSSCTMFRGIEKILKGRDPRDAWYFTQRFCGVCTTVHSIA
SIRAVENALNVKIPLNAELIRNLIIGSQVVQDHVIHFYHLHALDWVDVVSALKADPSKTATLAASISDWP
LNSPTYFKSIQDRLAAFVNKGRLGPFGNAYWGHPAYKLPPEANLMATAHYLEALDWQREIIKIHAILGSK
NPHPQTFLVGGMAVPIDPNSQNALNADKIAEIGQLLKKTRAFVEKVYIPDLLAVASFYTEWAGIGGGVGN
YLSYGEYPLDNSGKPEKLWLPQGIILNRDLSRVYPIDQRKITESVAHSWYEGEAAGVHPYDETTEARYTG
PTPPYEMLDTDGKYSWVKSPRYDGKPMETGPLATILVAYAAGHPGARGAVDMVLGKLGAGPEALFSTLGR
TAARGIETLLVARELSSWLDMLVANIAGGDLTIHNGEKWDPATWPREAAGYGWHNAPRGALGHWIRIKDQ
KIENYQAVVPSTWNASPRDEKGQLGPYEAALVGTPMADPGRPLEILRTIHSFDPCLACAVHVVDPKGGEL
VSVKVL",
NiFe hydrogenase,Group 1g,Crenarchaeota type,Unresolved/Respiration,Unresolved. May liberate electrons primarily for sulphur respiration.,hya,"endomembrane system
",1.12.99.6,PF00374,Thermofilum adornatum 1505,HyaA (+),HyaA,WP_020962524.1,AF-A0A3G1A7E9-F1,,"Ni(2+), Fe(2+), Mg(2+)",-,no,T.V. Kochetkova et al. 2020,https://www.sciencedirect.com/science/article/pii/S0723202020300126?casa_token=bCBg5udeWK8AAAAA:BGrVE1UL4ePZZUg8KfYB-kz--hE3DE3tJYyHDea8ZxWqbYH6CuX7n7mHn1DO9WmuzFlFozJMcKV7,">WP_020962524.1 nickel-dependent hydrogenase large subunit [Thermofilum adornatum]
MSQKEIFIDPITRIEGHLALRALVDTATRKPSDVWVFATMFRGFEVFLRGRPPEDAIHITSRICGVCGAS
HTNASMHAVDMAYGVAPEPLGVVLRNMAFAMTDALYDHPLILNMLGGPDYSELIVKKLTPSVWDDAQKTD
APHRDIHGFAKISDIMSALNPVSGKIWQLTMKYSRIAREAGVLIYGRHSHPSTVVPGGITTDLTNAEYLL
VGYTYRLTKLTAWAKFLYAVWQDLVWFYEERHGYRDQGLTYKKHNMVSGGLFDDPEAYSSLDGSPEDFYK
NVDQAASKRGIKPGAFVNGELVTKSYKEINLSIMEHVERAFYEDWKGAMPIYTEKDPEGNPLLWGKYDVA
YHPWNKTTIPKPTARDWNGKYNWAAHVRFVWKDGTITPFEVGPIARLTVTAYQPNNYGSGNGVLKVTLPR
SGGADDLPASVVDEMDLEWRAPPYSTTLQRVLARAFNVVVDVASAWDNVVKAVELVRNGRVKTSRPWTAP
SRRTFGVGFTEAPRGTVRHWVVQEGGKIVNYQIHAPTTGNVSPKDKWGMSPFEQSVANTIVTEEVSPDQW
EGVDFVRAIRSFDPCIACAVHLQVGENKIIKKMIVR
",
NiFe hydrogenase,Group 1h,Actinobacteria type,Aerobic Respiration,Scavenges electrons from tropospheric H2 to sustain aerobic respiration during starvation.,hya,cell membrane(?),1.12.99.6,"PF14720,
PF01058",Ralstonia eutropha H16,-,HyaB,WP_011153987,7ODH,"Asymmetric - C1 
Hetero 2-mer - A1B1",Mg(2+),C3HFeN2NiO,no,Schäfer C. et al. 2016,https://www.cell.com/structure/fulltext/S0969-2126(15)00499-2?_returnURL=https%3A%2F%2Flinkinghub.elsevier.com%2Fretrieve%2Fpii%2FS0969212615004992%3Fshowall%3Dtrue#%20,">WP_011153987.1 nickel-dependent hydrogenase large subunit [Cupriavidus necator]
MATIAAPGARPRAQAAPGKLVEMNWDPITRIVGSLGIYTKIDFENRRVAECYSTSSIFRGYSIFMKGKDP
RDSHFITSRICGICGDNHATCSVYAQNMAYGVKPPPIADWIINLGEAAEYMFDHNIFQDNLVGVDFCEQM
VRETNPGVWEKAKTAEAPHAAEHGYRTIADIMTALNPFTGEFYRETLLVSRYTREMFCLMEGRHVHPSTL
YPGGVGTVPTIQLFTDYITRLMKYVEFMKKVVPLHDDLFDFFYEALPGYEEVGRRRILLGCWGSFQDPNV
CDYNYRTMTKWGRGMFVTPGVVVDGELLTTDLVDINLNIRILLGSSFYQDWDHEETSVKNDPLGNAVDRK
HPWNQTTLPRPQKRNFGGNYTWVMSPRWLDKRTGDHLALDTGGGPIARLWATALAGLVDIGYIKSTGHSV
KIYLPRTALKPEAEFEWKIPMWSNAIERDRARTYFQAYSAAAALYFAEQALAELHAGRTRTFTDFKVPDE
AIGCGFHEAVRGVLSHHLVIRDGKIANYHPYPPTPWNASPRDIYGTPGPYEDAVQNTPIFEENGPEKFKG
IDIMRAVRSFDPCLPCGVHMYVGNGKTIEQSHSPTFGVMAGAH
",100%
NiFe hydrogenase,Group 1i,Coriobacteria-type,Respiratory/H2-uptake,Unconfirmed role. Predict to mediate hydrogenotrophic respiration using unresolved electron acceptor. Probably O2-sensitive,-,cell membrane(?),-,PF00374,Eggerthella lenta,-,-,WP_114516293.1,AF-A0A369MVM6-F1,,"Ni(2+), Fe(2+), Mg(2+)",-,no,Nitzan K. et al. 2018,https://elifesciences.org/articles/33953,">WP_114516293.1|nickel-dependent hydrogenase large subunit [Eggerthella lenta]|1i|nickel-dependent hydrogenase large subunit [Eggerthella lenta]
MTRSVIDPITRIEGHLRVEMEVTNGKVSDAWVSGGCFRGMEMVVENRTPEDAAQIVQRICGVCPVSHAHSSAIAAEKAYGIKISNNARIIRNLLEGAQFLHSHILWFYNLAALDYVNPLNALKADPADAYDLAQAAGTSMNSDFIALKERLANFADNGQLSIFSGNWFDAEDGTAYQLPPELDLICTAHYLEALTMQAKASQISAIIGGKMPHVMTLVPGGTAFVPTDQKLDELKALADEIYDWVESTMIPDTLAIAPYYIDALNWGKGCGRYVAWGVFEGPGDYASYTEQMANRYLPMGVIDDKLNLSDVQENLITEYMGRSWYKGDATYTSPYFVTEPEYTEYNVEDRYTWVKCPAYDGKPYEAGGLSRVLAAYKRNVPFVVEQVDGLLEALGAPGQIGVAQSTLGRTAVRQIETLYIAGLMKDWVAELIEALKSGDSEYFREPSTITGAGTGFWEAPRGALYHSESIKDGKIEGYQIIIPTTWNLAPINESGEHGPMEQALIGNPVGDIEKPINALRTVHSFDPCTACAVHITEPATGKSFETVTSPWGVK",
NiFe hydrogenase,Group 1j,Archaeoglobi-type,Respiratory/H2-uptake,"Unidirectional respiration using sulfate, iron, or nitrate as terminal electron acceptors. Enzyme transfers H2-liberated electrons through cyt b and quinone to terminal reductase. O2-sensitive",hyp,cell membrane,-,PF00374,Archaeoglobus fulgidus,hypEFABCDGHI(Fe-S)L(Fe-S)MNOPQ (-),HypP,WP_048095651.1,AF-A0A075WGP0-F1,,"Ni(2+), Fe(2+), Mg(2+)",-,no,Birkeland N. et al. 2017,"https://environmentalmicrobiome.biomedcentral.com/articles/10.1186/s40793-017-0296-5#:~:text=Genome%20properties,T%20DSM%203404%20%5B3%5D.",">WP_048095651.1|nickel-dependent hydrogenase large subunit [Archaeoglobus fulgidus]|1j|nickel-dependent hydrogenase large subunit [Archaeoglobus fulgidus]
MSRIVIDPVTRIEGHLRVELSPEKLKTSTGEWDVVKEAYCSGTLFRGWETILRGRDPRDAWIITQRICGVCPAPHAEASIQAIEAAFNVTPTPVAVLIRNVLHGAYYIYDHIIHSYILLGPELGVVCKYPPMVPPALGKEGVSKLGIGSSYVGALEIQRKANEIVAIWGGKFPHHQSEYPGGMAVRPTEDRIASSLARMFEIWRWVAETMVKDFYNLLEANEKVGEAVSSLLDINFRGLQDVGASTGNFLSYDLFPDHENYDDWLSVLDSPSKRSSALIHAGAWDGSSKPLDISKIAEYVRYSWYDNESGLNPKDEDAPKPDKNKSEAYSWLKAPRYDGKVYEVGPLARMLNTYGTRWKIPIRNPVTGEDHGYFEYEVLNPKGSVIDRLAARVALTILTSQKVFEWLLELKSYTNQKVTNYRNVPKEGEGFGLWDAPRGGLLHYIKVKDHKIANYQCVVPSTWNLSPRDDFGQPGPVETALEGTWLPNLSVPEICNAIYPEKDVDLSALGLGAMSWGDALAAALTPLGLAELNIERLNGQIYNTSLTLMVVRSFDPCIACAVHVVR",
NiFe hydrogenase,Group 1k,Methanophenazine-reducing,Respiratory/H2-uptake,"Unidirectional respiration using sulfate, iron, or nitrate as terminal electron acceptors. Enzyme transfers H2-liberated electrons through cyt b and quinone to terminal reductase. O2-sensitive",hyp,cell membrane,-,PF00374,Methanosarcina acetivorans,hypEBADCFGHI (+),HypG,WP_011021166.1,AF-A0A832W891-F1,,"Ni(2+), Fe(2+), Mg(2+)",-,no,Rinke C. et al. 2021,https://www.nature.com/articles/s41564-021-00918-8,">WP_011021166.1|Methanosarcina acetivorans|1k|
MVNVTVDPLTRIEGHLRLSTEVDANGVITDSQSSCLMFRGFERILQNQDPRDAALLVQRICGVCPTSHSLTAANALDDLFGVADTIPKDALVARNINQALNFLASHATHIYILWGPDLANPAYRDVLTPLGETGTAVWKEMVGRFAPISYKIDGESVPVGSSYLAAIPEKKRLQEAIAVIGGKMPHQVTSYPGGYTYKPNVADIGKLSSYYLQVMDFVSSYTLRVPFDTWIENTYKASSPQKAVNFVVEHLTDLVDKSVTSNDFSREAGWGDTEFYAAFGSELVGETLLGLPASLKHDKIGGYSDPSKIAFLAYGGFFNPENGDGYDPSSPAGERFLTSGIVTGSLEYQNLDTSKITESVAHAFYEDTADLHPSKGETNPFTDPDAIRFDQGSDSRYSWNKAPRYDGIPCEVGPLARMLAAKEPLVTGLALAFNENGYSAANVYTRMMARIQETAIIANELLKWVTEDYDPNGRIAVDTDLSMAKDSTGMGLWEAPRGALGHWVSTDSNSKVVNYQPVVPSTWNLSPRDSAGVPGPLEQSLIGAKINAAENSLGVNYTNPVNILHIGRSYDPCVSCAVHTIDLTGKNTPRTLRIV",
NiFe hydrogenase,Group 1l,Acidobacteria type,Respiration/Energy production and conversion,Thatrelays electrons derived from atmospheric H2 through therespiratory chain. The broad distribution and predominance ofthis hydrogenase suggests that it is the primary mediator of H2 oxidation in arid soils.,,cell membrane,-,PF00374,Rubrobacter indicoceani,-,-,WP_119066980.1,-,,-,-,-,Ortiz M. et al. 2021,https://www.pnas.org/doi/full/10.1073/pnas.2025322118,">WP_119066980.1 nickel-dependent hydrogenase large subunit [Rubrobacter indicoceani]
MCFKNLPVEFDSEGKPYLRDDVPDPYATSHSPELNGSSVATLSRDQIEDLLVRNGHIQQKNFDPVTRVAG
ALAFHSVVDLEERKVLESRSVATLFRGYEIIMMGRDPRDAIYITSRACGVCGGTHSGTAALATEMAIGIK
PPPLGIVTRNMLSVLEYLLDLPLHLFMLAGPDFSENVIRKTNPEVWELATRTEAPHAGVHGYATMGELMT
DMNALSGSLYLEALGMTRVAKEAYALIGGKFPHPQTMVPGGVSATVNLSTMNEIYLRLQQFFDYAKKTAA
IYDDICDFFYDANPRYRDVGRTPANLVDLGVWDDPYAYDATYENCNEWGEKRWATPGVIVDGQLVTTKLQ
NINLGMEEFIDHSFYEGWEGQTFKTDPLGAPLSPHHPWNKETKPRPQAPNWREKYTWSTSPRWDRMPMDA
ECTARMWTTAAAQLLPDNPYIEPTGHSLKLLLPKGRLPEMELEWRIPDVWNAFERNRGRAYCVAYTALVG
LNTWHQGMQLMKEGKTEISVEYKVPKGQRLGVGFWGAGRGYVSHHMMLDDGVVTNYQIITPSTINASPRD
PWGTPGMYEIAALNTPILENSPEGRFQGIDIQRSIRAFDPCMPCTTHVHTDEGIVTREVNTCACGADD
",
NiFe hydrogenase,Group 2a,Cyanobacteria type,Respiration Aerobic/Redox Balance,"Electron input for aerobic respiration and recycling H2 produced by cellular processes (for example, nitrogenase, fermentation).",hyb,endomembrane system,1.12.99.6,PF00374,Mycolicibacterium smegmatis strain FDAARGOS_679 ,hybBCD (+),HybC,WP_011728265.1,8DQV,"Cyclic - C2 
Hetero 4-mer - A2B2 ",Ni(2+),C3FeN2O,no,Grinter R. et al. 2023,https://www.nature.com/articles/s41586-023-05781-7,">WP_058125847.1 nickel-dependent hydrogenase large subunit [Mycolicibacterium smegmatis]
MTELDLFVSPLGRVEGDLDVRVTINDGVVTSAWTEAAMFRGFEIILRGKDPQAGLIVCPRICGICGGSHL
YKSAYALDTAWRTHMPPNATLIRNICQACETLQSIPRYFYALFAIDLTNKNYAKSKLYDEAVRRFAPYVG
TSYQPGVVLSAKPVEVYAIFGGQWPHSSFMVPGGVMSAPTLSDVTRAIAILEHWNDNWLEKQWLGCSVDR
WLENKTWNDVLAWVDENESQYNSDCGFFIRYCLDVGLDKYGQGVGNYLATGTYFEPSLYENPTIEGRNAA
LIGRSGVFADGRYFEFDQANVTEDVTHSFYEGNRPLHPFEGETIPINPEDGRRQGKYSWAKSPRYAVPGL
GNVPLETGPLARRMAASAPDAETHQDDDPLFADIYNAIGPSVMVRQLARMHEGPKYYKWVRQWLDDLELK
ESFYTKPVEYAEGKGFGSTEAARGALSDWIVIEDSKIKNYQVVTPTAWNIGPRDASEVLGPIEQALVGSP
IVDAEDPVELGHVARSFDSCLVCTVHAYDGKTGKELNRFVIN",
NiFe hydrogenase,Group 2b,Histidine kinase-linked,H2 Sensing,Senses H2 and activates two-component cascade controlling H2-uptake hydrogenase expression. O2-tolerant,hya,cell membrane,-,PF00374,Bradyrhizobium diazoefficiens strain 110spc4,hyaAB (-),HyaB,WP_011089681.1,AF-H7C6M7-F1,,"Fe(2+), Ni(2+), 	Mg2+",-,no,"Kaneko T. et al., 2002",https://academic.oup.com/dnaresearch/article/9/6/189/424837?login=true,">WP_011089681.1|Bradyrhizobium diazoefficiens|2b|
MTRITIGPFNRVEGDLEVRLDVESGRVMRAEVTAPLYRGFEQILEGRPPLDALALAPRICGICSVSQSVAAAAALRDAMSIEAAPNGLLATNIAHAAENAADHLTHFYIFFMPDFAREAYAAHSWHSETRERFAATRGSAARDALPARARLLETMGIIAGKWPHSLAFQPGGSTRAIDLGERVRLLSITTAFRSFLERVVFADSLENVLAIASADELDSWRDGRGGDFAHFLRLADSLALTGLGRGTGLMMSYGAYHGVDGELFPRGLFGPCATIEPLPLTQITEDVSHAWMRDSSADPAHSSTVPDPDKPAAYSWCKAPRLSGQPIEVGAIARQTVAGQALITDLVARDGTNVRSRVIARLIETARIALAMEQWTRALRLSEPFCNNAREIPDGSYVGLVEAARGSLGHWMAVSQGRIERYQIIAPTTWNFSPRDSFDVGGPLEQALVGTDVGDAGPRAVAIQHIVRSFDPCMVCTAH",
NiFe hydrogenase,Group 2c,Diguanylate cyclase-linked (putative),Unresolved/Sensing,Unknown. Predicted to sense H2 and induce cyclic di-GMP production.,-,cell membrane,-,PF00374,Paramagnetospirillum magneticum AMB-1,hyaDB (+),HyaB,"WP_011383527.1
",AF-Q2W8A7-F1,,"Fe(2+), Ni(2+)",-,no,Matsunaga T. et al. 2005 ,https://academic.oup.com/dnaresearch/article/12/3/157/335999?login=false,">WP_011383527.1 nickel-dependent hydrogenase large subunit [Magnetospirillum magneticum]
MAVRKILDVPVNRVEGDLELRLEIADGMVVDAWSAGTMFRGFERLLIGRGALDGLVVTPRICGICSTTHL
MTAAKALDAVAGAKVPDNGVRLRNLALMAEHVQSDVRQGILMFLVDFANPAYRAQPLYDEAVRRYAPLAG
EAVAEAVRETKHVVEIIAIIGGQWPHSSFMVPGGLSYAPPVAELLQCRHVLDGFRGWYERRILGCSLDRW
RAVDSLEALDLWLEESAAHRDSDVGFLLRFGRTIGLDRLGGGHGNFLSCGSLDLPAETAARGVGGHLVPS
GFARGAVVEGFDPAAIAEHVAASWYAAYEGGRHPAEGETEPYASGEEGRRYSWVKAARYLGTPAETGPFA
ERIVAGDPLFTDLLRRQGPNALARELARLTRPATLLPAMALWLGEVIASGGHDIYADPGPIPDGAGIGMI
QAARGALGHWIAIKDGRIERYQIITPTVWNGSPRDSGGVRGPWEEALIGTPVADADNPVEVGHVIRSFDP
CLVCSVHTVRKGRSLGRVRLEA",
NiFe hydrogenase,Group 2d,Aquificae type,Unresolved/Carbon Fixation,Unknown. May generate reductant for carbon fixation or have a regulatory role.,hya,cytoplasm,-,PF00374,Aquifex aeolicus VF5,hyaAB(+),HyaB,WP_010880487.1,AF-O66988-F1,,"Fe(2+), Ni(2+), 	Mg2+",-,no,,,">WP_010880487.1 nickel-dependent hydrogenase large subunit [Aquifex aeolicus]
MKIEKLVLTRVEGEASLNLVWERGVIKDAKISFYSTRGIEKVLRERPFMDALVINPRICGICGHAHLIAT
VRAIENAIGIKEIPEKAKITRLVTQITEMVQNHVKWFYLFVMPDFLKFKESLSQFEPFKGERWKRAVQFS
SQIVKIIALFGGQWPHSSYAVPGGITSNFSEREVLKALNLVKEGKTFFEKNVSEDLELFLNLCEEFNLLS
IGKAYNRFLSGGGLAYCFNPSYKKGKGKVCKFNVRYVQELEAADYSKANPVRYKGLPYETGPLARELISK
NPLVLKLYKNYGDSYAVRVAARLAEIKDLLEILEKLLKELMNHLEEPSCLWEDRSDESGEGFGVVEAARG
TLIHRVVIEKGKIKDYKVITPSQWNLGPRCKKYLGVAEKAIVGLDSELKAQMVLRSFDLCSVCTTK",
NiFe hydrogenase,Group 3a,F420 coupled,F420 Reduction,Directly couples oxidation of H2 to reduction of F420 during methanogenesis. Reverse reaction may also occur. Includes [NiFeSe] variants.,frh,-,1.12.98.1,PF00374,Methanothermobacter marburgensis str. Marburg,frhADGB (-),FrhA,WP_013296467.1,4OMF,"Cyclic - C2 
Hetero 6-mer - A2B2C2 ",Mg2+,"C3HFeN2NiO, H2S2Zn, C4H9NO2, C3H9N, unknown ligand; FAD",yes,Alex et al 1990,https://pubmed.ncbi.nlm.nih.gov/2207102/,">WP_013296467.1 coenzyme F420 hydrogenase subunit alpha [Methanothermobacter marburgensis]
MSERIVISPTSRQEGHAELVMEVDDEGIVTKGRYFSITPVRGLEKMVTGKAPETAPVMVQRICGVCPIPH
TLASVEAIDDSLDIEVPKAGRLLRELTLAAHHVNSHAIHHFLIAPDFVPENLMADAINSVSEIRKNAQYV
VDMVAGEGIHPSDVRIGGMADNITELARKRLYARLKQLKPKVNEHVELMIGLIEDKGLPEGLGVHNQPTL
ASHQIYGDRTKFDLDRFTEIMPESWYDDPEIAKRACSTIPLYDGRNVEVGPRARMVEFQGFKERGVVAQH
VARALEMKTALSRAIEILDELDTSAPVRADFDERGTGKLGIGAIEAPRGLDVHMAKVENGKIQFYSALVP
TTWNIPTMGPATEGFHHEYGPHVIRAYDPCLSCATHVMVVDDEDKSVIKNEMVKI",100%
NiFe hydrogenase,Group 3b,NADP coupled,H2-production,Directly couples oxidation of NADPH to evolution of H2. May be reversible. Some complexes are proposed to have sulfhydrogenase activity. ,hyd,cytoplasm,1.12.1.3,PF00374,Pyrococcus furiosus,hydBGDA (+),hydA,WP_011012029.1,AF-E7FI44-F1,,"Fe(2+), Ni(2+)",-,no,Pedroni P. et al. 1995,https://www.microbiologyresearch.org/content/journal/micro/10.1099/13500872-141-2-449,">WP_011012029.1 NADPH-dependent hydrogenase/sulfhydrogenase 1 subunit alpha [Pyrococcus furiosus]
MKNLYLPITIDHIARVEGKGGVEIIIGDDGVKEVKLNIIEGPRFFEAITIGKKLEEALAIYPRICSFCSA
AHKLTALEAAEKAVGFVPREEIQALREVLYIGDMIESHALHLYLLVLPDYRGYSSPLKMVNEYKREIEIA
LKLKNLGTWMMDILGSRAIHQENAVLGGFGKLPEKSVLEKMKAELREALPLAEYTFELFAKLEQYSEVEG
PITHLAVKPRGDAYGIYGDYIKASDGEEFPSEKYRDYIKEFVVEHSFAKHSHYKGRPFMVGAISRVINNA
DLLYGKAKELYEANKDLLKGTNPFANNLAQALEIVYFIERAIDLLDEALAKWPIKPRDEVEIKDGFGVST
TEAPRGILVYALKVENGRVSYADIITPTAFNLAMMEEHVRMMAEKHYNDDPERLKILAEMVVRAYDPCIS
CSVHVVRL",21.18%
NiFe hydrogenase,Group 3c,Heterodisulfide reductase-linked,Cofactor-coupled bidirectional [NiFe] hydrogenases,Bifurcates electrons from H2 to heterodisulphide and ferredoxin in methanogens without cytochromes. Probably O2-tolerant,mvh,cytosolic,1.12.99.-,PF00374,Methanothermobacter marburgensis str. Marburg,mvhBAG(Fe-S) (-),MvhA,WP_013296307.1,AF-P60227-F1,,Ni(2+),-,no,Stojanowic A. et al. 2003,https://link.springer.com/article/10.1007/s00203-003-0577-9,">WP_013296307.1 MULTISPECIES: F420-non-reducing hydrogenase subunit MvhA [Methanothermobacter]
MVKLTMEPVTRIEGHAKITVHLDDAGNVEDTRLHVMEFRGFEKFLQGRPIEEAPRIVPRICGICDVQHHL
AAAKAVDACFGFEPDDVLPAAYKMREIMNWGSYMHSHGLHFYFLAAPDFIAGKDRKTRNVFQIIKDAPDV
ALQAIELRKNALEIVRATGGRPIHPTSSTPGGISTELDDETQKDLLQKAQRNVELAEATLELAVPIFEEN
IDLVNSLGNIETYHTGLVKNGVWDVYDGIVRIKDKEGNLFREFKPADYADTIAEHVKPYSWLKFPYIKDL
GYPDGVYRVSPLSRLNVADKMPDAAPKAQDYFKEFQDKFGYAQQTLLYHWARLIEVLACAECAADALEGD
LSGEKFPDSLERQAGDGVGIVEAPRGTLTHHYTCDENGLITKANIVVATIQNNPAMEMGIQKVAQDYIKP
GVEVDDKIFNLMEMVIRAYDPCLSCATHTIDSQMRLATLEVYDSEGDLVKRI",
NiFe hydrogenase,Group 3d,NAD coupled,NAD redox,Bidirectionally transport electrons between H2 and NAD depending on redox state. O2-tolerant,hyp,cytosolic,-,PF00374﻿,Methylocella silvestris strain DSM 15510,hypEDCFBAGH (-),HypH,WP_012591738.1,AF-B8ERX1-F1,,"Fe(2+), Ni(2+), Mg2+",-,no,Chen Y. et al. 2010,https://journals.asm.org/doi/10.1128/jb.00506-10,">WP_012591738.1 Ni/Fe hydrogenase subunit alpha [Methylocella silvestris]
MSDAQAGPAPVSRGPRKIVIDPVTRVEGHGKVTIRLNEAGEVEQARFHIVEFRGFERFIQGRLYWEVPVI
VQRLCGICPVSHHLGAGKAMDAIAGVDRLTPTAEKMRRLMHYGQVLQSNALNFFHLASPDLLLGFEAPVA
QRNIIGVIEAFPEVGKWAIFIRKFGQQVIAATGGRRIHPRLCIPGGVNQNLTVENRDALRKDIDPIIQWC
GEALELHKSFIRSHETLHETFASFPSSYMSLVGADGGMDLYDGALRAIDAGGKPIFDGVPPVDYRDYLIE
EVRSWSYMKFPHIRSLGREDGWYRVGPLAQLNCCAFIGTPIAEAARKDFMALGHGGPVHATLAYHWARLI
VMIHCAETIKNLLFDDDLQGTDLVVSGERRSEGVAIIEAPRGTLLHHYAVDDNDQVTAANLIVSTTHNNE
AMNRSVTKVAVDDLTGHEITEGLLNHIEVAIRAYDPCLSCATHALGEMPLIVTLEDADGAIIATRVKQ",
NiFe hydrogenase,Group 4a,formate hydrogenlyases,H2-production,Couples oxidation of formate to fermentative evolution of H2. Enzymatic complexes may translocate protons via antiporter modules,hyp,cell membrane,1.-.-.-,"PF00329, PF00346, PF00374, ",Yersinia enterocolitica subsp. palearctica strain NCTC13769 ,hypCA(Fe-S)BDEFGHIL (+),HypG,WP_005162305.1,AF-A0A7U7FL32-F1,,"Fe(2+), Ni(2+), Mg2+",-,no,Batzilla J. et al. ,https://doi.org/10.1128/jb.01484-10,">WP_005162305.1|Yersinia enterocolitica|4a|
MTHETPISAHLVSGQPHSGEKLGAAYVARLREQFPTAILDEEWQTPDQLTITIKLNSLPDVVEYLYYQQGGWLSVLFGNDERSLNGYFAIYYVLSMEGREQYGIDTGKKYGDKCWVIVKALISPERPEFPSVTPRVPAAVWGEREVRDMYGLQPIGLPDERRLVLPDDWPDDLYPLRKDTMDYRQRPTPTSNTETYQFENEAGSRSRVVPIGPMHITSDEPGHFRLFVDGEDIIDADYRLFYVHRGMEKLAETRMGYNDVTFLSDRICGICGFTHSVAYTSSIENALGIIVPPRAQMIRTILLEVERLHSHLLNIGLSCHFVGFDTGFMQFFRVREKAMTIAEMLTGARKTYGLNLIGGVRRDILKADRIKTLQLVSEMRADISELVDMLMSTANIEQRTMGVGMLDRKIARDFSPVGPMIRASGYARDMRHDHPYANYANIPKELFSLDGCDVHSRLLVRVREFFDSLVMIEYGLNHMPDGPLLEEKVHYQPYKFALGFSEAPRGEDVHWSMTGDNQKLFRWRCRAATYANWPVLRYMLRGNTVSDAPLIIGSLDPCYSCTDRVTLVDVRKQKSVTVPYKEIERYGIERTHSPLK",
NiFe hydrogenase,Group 4b,Respiratory H2-evolving ,H2-production,"Forms respiratory supercomplex that couples oxidation of low-potential carbon compounds to reduction of protons concomitant with Na+ translocation. Electron-input modules include formate dehydrogenases, carbon monoxide dehydrogenases, and potentially glutamate synthases. Electrons flow through hydrogenase resulting in proton reduction to H2. The energy released is used to translocate Na+ ions through Mrp-like antiporter subunits to generate a sodium-motive force.",hyc,cell membrane,-,"PF00329,
PF00346,
PF00374",Thermococcus onnurineus,hycHE(Fe-S)A (+),HycE,WP_012572531.1,-,,"Fe(2+), Ni(2+), Mg2+","NuoL, NuoH, NuoC, two [FeS] proteins, seven MRP antiporter subunits, etc.",no,Lilja C. Strang 2020,https://cedar.wwu.edu/cgi/viewcontent.cgi?article=1952&context=wwuet,">WP_012572531.1|Thermococcus onnurineus|4b|
MSEVIKFNEALKKKRVHRGDEKAKVTREYLDEIIEKFGEKIRDVKQAAYNQWIITVEREDLPEIVLYFLNHPEWKETQLSSMVATDERPLNGKFSITYWLSVNGKAGDFYLGVRAYLPEDDPRFTSIAAKHRGANWYEREAMEMLGLTAEGHPDPRRLVLPDDWPSCVYPLRKDFHYSNSPPGEKFYPYKEPKKDEIVVPYGPYHVALEEAAHFRLYVKGETITDVDYRGFYAHRGIEKISEGRLTYDQVCFIAERICGICGCTHSTAYCQAVENAGGIEVPERAEYIRTIVLEIERLHSHLLNFGIVSHLVGYDYGFMKAWRIREHVMWLAERLTGNRKTYGMLLVGGVRRDLLEYRKSLIEDVLKKIKTEFSELVDEAISTSTFVKRLEGVGVLPYKVAKEWDVDGPLGRGSGRDFDVRRDHPYAAYKYLDFKVPVYKEGDVLARALVRIEEVFESIWIIEQALDQMPGGDILAEYKEIPPYSEAIGMTEAPRGENIHYVMTGENNKVYRYRARAATYNNLPAVPDMMRGYTIADAPLIVASIDPCYSCTERVQVVDVESGKVRVLSETEFNKLSIKASRRV",
NiFe hydrogenase,Group 4c,Carbon monoxide-respiring,H2-production,Forms complex with carbon monoxide dehydrogenase to anaerobically respire CO using protons as terminal electron acceptors.The released energy is likely used to translocate protons.,hyd,cell membrane,-,"PF00346, 
PF00374",Carboxydothermus hydrogenoformans,hyd(Fe-S)CA (-),HydA,WP_011344721.1,3B52,"Cyclic - C2 
Homo 2-mer - A2 ",-,-,no,"Wu M. et al, 2005",https://journals.plos.org/plosgenetics/article?id=10.1371/journal.pgen.0010065,">WP_011344721.1 nickel-dependent hydrogenase large subunit [Carboxydothermus hydrogenoformans]
MSTYTIPVGPLHVALEEPMYFRVEVEGETIVGLELTAGHVHRGIEYLAMKRNIYQNLTLLERVCSLCSNN
HPFTYCMALEKIAGIQIPERAEYLRVIADEIKRIASHLFNIAMMAHIIGFDSLFMHVMELREIVQDIKET
IYGNRMDLAANCIGGVRYDLSEEKIKYLARQLDNLKKPLEEITRIYMNNKFVRARTEGVGILPKDEALRY
GVVGPVARGSGINNDVRVKSPYAAYDKLKVNVQLETGCDVKARALVRLREIQEAINIVQHCLKELPDGPT
CIDYLPEIPAGEAVARSEAPRGELIYYLRTNGSDIPERIKWRVPTYMNWEALKVMMPGNKVADIPLIINS
IDPCISCTER",
NiFe hydrogenase,Group 4d,Mrp linked,H2-production,Forms multimeric complexes that exploit the energy released by coupling ferredoxin oxidation and H+ reduction to generate sodium motive force via the translocation of Na+ through Mrp-like antiporters.C,hyd,cell membrane,1.12.7.2﻿,"PF00346, PF00374",Pyrococcus furiosus,hydA (+),HydA,WP_011012581.1,6CFW,"Asymmetric - C1 
Hetero 14-mer - A1B1C1D1E1F1G1H1I1J1K1L1M1N1","4Fe4S, C3HFeN2NiO",C3HFeN2NiO,no,"Yu et al., 2018",https://www.sciencedirect.com/science/article/pii/S0092867418304033?via%3Dihub,">WP_011012581.1 nickel-dependent hydrogenase large subunit [Pyrococcus furiosus]
MKKVEYWVKIPFGPIHPGLEEPEKFIITLDGERIVNVDVKLGYNLRGVQWIGMRRNYVQIMYLAERMCGI
CSFSHNHTYVRAVEEMAGIEVPERAEYIRVIVGELERIHSHLLNLGVVGHDIGYDTVLHLTWLARERVMD
VLEAVSGNRVNYSMVTIGGVRRDIGEKQKRLILDMIKYYREVLPQIEDVFLHDSTIEARLRDVAVVPKKL
AIEMGAVGPTARGSGIKEDSRWSEQLGVYPDLGIKPVTPEDVTGEKARGDVYDRMAVRIGELWMSLDLLE
HALDQMPEGKIKTFPKDNILVAKLKLLGDGEGIGRYEAPRGELVHYVRGQKGRDGPVRWKPREPTFPNLF
TIAKALEGNELADLVVAIASIDPCLSCTDRVAIVKEGKKVVLTEKDLLKLSIEKTKEINPNVKGDPTPTG
IGCSRGV",100%
NiFe hydrogenase,Group 4h1,Eha type,H2-uptake,"Forms multimeric complexes that exploit the Na+ motive force to couple H2 oxidation to ferredoxin reduction, in order
to anaplerotically replenish methanogenesis.",eha/ehb,cell membrane,-,"PF00346,
PF00374",Methanococcus aeolicus,heaA3(Fe-S) (+),HeaA,WP_011973090.1,AF-A6UTY6-F1,,"Fe(2+), Ni(2+), Mg2+",-,no,Fomenkov A. et al. 2023,https://www.frontiersin.org/journals/microbiology/articles/10.3389/fmicb.2023.1112734/full,">WP_011973090.1|Methanococcus aeolicus|4h|
MNVVPVGPIHPVLKEPIRLKLIVEGEKVIGSELEMGYVHRGIERIMEGKHHLKGIHLAERVCGICSYIHTYTFAECIENYSKIEIPDKAKYLRLITCELERIHSHLIASAVYNISIEHETLAMWGLSAREHVMDLLEMITGNRVNMGYNLVGGVRADINKEMIDKIHKKLNELREDLKNLVSAFETGPLIGLRGKGIGVLKYADIMKTRAVGPVARASALPECDWRLRHPVYKELKFKPVWFEDGDNHARMAVRHHEVLSSIDLIEQAIELYNECSGRVRVKPEIKGGEGEWRNEAHRGEVCYKIATTNNGLIKRIMIRTPTVMNLEAMKIMFKTCPTISDAVTTYTSIDPCISCTERTIVLEDKKTGKINNYSFNML",
NiFe hydrogenase,Group 4e,Ech type,Bidirectional,"Couples ferredoxin oxidation to H2 evolution in acetoclastic methanogens.
This process reversible in hydrogenotrophic methanogens, and is predicted to be coupled to H+
/Na+ translocation.",hyp,cell membrane,-,"PF00346, PF00374",Caldicellulosiruptor hydrothermalis,hypEDCFB(Fe-S)A (-),HypA,WP_013403527.1,AF_E4QC73-F1,,"Fe(2+), Ni(2+)",-,no,"Blumer-Schuette S. E. et al., 2011",https://journals.asm.org/doi/10.1128/jb.01515-10,">WP_013403527.1|Caldicellulosiruptor hydrothermalis|4e|
MGKRTIVPFGPQHPVLPEPLQLRLVLEDEKVVEAIPAIGYVHRGLEKLAEEKDINQNIYVVERVCGICSFQQALAYCQGIEELMGIEVPDRAKYLRVIWAELHRLHSHHLWLGLLADAFGFESLFMQCWRNRELVMDLMEATAGSRVIISTNIIGGVRRDIDADKQKFILDNLAKLEEELKKIEGSFLNDYTVKKRLVGVGVLSKQEAYELGCVGPMARASGISMDLRTLGYAAYGELDFEPVVENDGDCYARLKVRLRECYQSIDLIRQAIFKMPEGEISTPVKGFPNGEVISRVEQPRGEDVYYIKANGTKNLERLRIRTPTFANIPALVKMLQGVDFADVPMLVLTIDPCISCTER",
NiFe hydrogenase,Group 4f,Formate-coupled,Respiratory/H2-evolving,"To confirm. Predict to couple oxidation of formate to proton
reduction and to use the derived energy to translocate protons ",-,cytoplasm,1.6.5.9,"PF00329,
PF00346,
PF00374",Desulfitobacterium dehalogenans,hydBCFG (-),HydC,WP_014795396.1,AF-I4AD88-F1,,"Fe(2+), Ni(2+), Mg2+",-,no,- ,-,">WP_014795396.1|Desulfitobacterium dehalogenans|4f|
MENSLKLREYFEGRVLKQPEDFSLDLWTKNEGLVWLKSNYLPEVVEHFWLDAQSRPVLMTHIGNDERGLGYGFVLYLLFHFSSDFTLTLGVRGIEESFPSLTIVCPALNWPEREVRDLLGLRPEGHPDDRPLVLHPGWPEGFYPLRKLEPELSSMSEERSPGFDPQPLSFTEAKGEGTFEIPVGPIHAGIIEPGHFRFQTIGETILHLDAQLFYTHKGIEKLLEGKSPEEGLEIVERVCGVCTVSHALAYCEAVEKLKGVQVSRRILGWRTVLAELERLYNHVGDIGNLCAGVGFALGSGNALQSKEQLQRLNHKLFGHRFLRGNITLGGVRRIPEQEETAWLQRRLAGLERDFEEWIPLILEHDGFRQRAIATGVLSKQSALDLGVTGPAARASGISQDWRERHAHLLYGELKVEPQVEQEGDVWARLMVRVREVKQSFALLAKLLEGDYLHDSLEPCLPPAAYSFAWGCAESPRGTDVVWLMLDDEGKIYRCRIRSASYANWPAVPLAVLGNIVPDFPLINKSFELCYSCCDR",
NiFe hydrogenase,Group 4g,Ferredoxin-coupled,Respiratory/H2-evolving,To confirm. May form respiratory complex coupling ferredoxin red oxidation to proton reduction. The generated energy is probably involved in traslocating sodium or protons. O2-sensitive,hyc,cell membrane,-,"PF00346,
PF00374",Anaerolinea thermophila,hycD(Fe-S)(NADHdh)E (-),HycE,WP_013560598.1,AF-E8MXZ8-F1,,"Fe(2+), Ni(2+), Mg2+",-,no,"Matsuura N. et al., 2015",https://www.researchgate.net/publication/282045397_Draft_Genome_Sequences_of_Anaerolinea_thermolimosa_IMO-1_Bellilinea_caldifistulae_GOMI-1_Leptolinea_tardivitalis_YMTK-2_Levilinea_saccharolytica_KIBI-1_Longilinea_arvoryzae_KOME-1_Previously_Described,">WP_013560598.1|Anaerolinea thermophila|4g|
MTSERKFIVPIGPQHPALKEPGHFEFTVDGEIVTDASVRLGYVHRGIEKGAEERSWIQDLYLFERVCGICSHVHATAFALGVERLAGVEAPPRAQAIRSLVAEMERIHSHMLWLGVAAHEGGFDTLFMYSWRDREIVMDLLEALTGNRVNYSANVLGGVKCDITDTLRDQILRGMDQLEERIQHYLNVVTTDRTFLARTEGVGRMTREQADLFGAVGPTARASGVPRDVRVDAPYAFYPTVPVQLITDERGDLLARFVVRIKELFEAVRLIREILAHLPEGELTVRMPRRIPAGEVISRVEAPRGELFYFIKSNGGEKPERVKVRTPSLCNWGSVMQVAVGHKLADMPMILAGIDPCFSCNDRMIQLKRKDSRQWMTWEDLRQYGIEYYKKVL",
NiFe hydrogenase,Group 4h2,"Ferredoxin-coupled, Eha-type",Respiratory/H2-evolving,"Forms a supercomplex that, utilizing the sodium-motive force, couples H2 oxidation to ferredoxin reduction. The resulting reduced ferredoxin can be utilized anaplerotically to replenish the Wolfe cycle of methanogenesis. While the reverse direction is energetically favorable, it remains uncertain whether it occurs physiologically. O2-sensitive",hyc,cell membrane,1.6.99.5,"PF00346,
PF00374",Methanobacterium paludis,hycBE(Fe-S)(Fe-S) (+),HycE,WP_013825480.1,AF-F6D2P4-F1-F1,,"Fe(2+), Ni(2+), Mg2+",-,no,"Cadillo-Quiroz H. et al., 2014",https://www.microbiologyresearch.org/content/journal/ijsem/10.1099/ijs.0.059964-0,">WP_013825480.1|Methanobacterium paludis|4h|
MILPIGPIHPALKEPIRLKLKTQGEKVLHAEIDYGYVHRGIERIMQGKTWQKGIYLSERVCGICSYIHTQTFAETFEKIAGERVPPRAQYLRVLTNELDRIQSHLIANSTYFKALEHETLFMNMLALREPVMDAIELLTGNRVNMGWNVVGGVRMDVKQSHLDSIMKIMTGLESDYDRYVEMFEHGPLLGLRSKDVGKMSKEDAIKGRAVGPIGRASGLKHDCREDHPTYQDNIDFKVIWRKEGDNFARTMNRFDEVTESIKIIKQVIENLPEGDIRKKIDLKPGYADWRNEAPRGEVSYFMETNGNLIKNVSIRTPSIMNIDACAKYMLDDVATVADAVATYTSCDPCIACAERVVIMDESGTTKNYHGVHNIKLAPQLKASEISAEISTTNQAPEINHKAINNTDPDHKIKNHKKSPKIKR",
NiFe hydrogenase,Group 4i,"Ferredoxin-coupled, Ehb-type",Respiratory/H2-evolving,"Forms a supercomplex that, utilizing the sodium-motive force, couples H2 oxidation to ferredoxin reduction. The resulting reduced ferredoxin can be utilized anaplerotically to replenish the Wolfe cycle of methanogenesis. While the reverse direction is energetically favorable, it remains uncertain whether it occurs physiologically. O2-sensitive",hyc,cell membrane,1.6.99.5,"PF00346,
PF00374",Methanococcus aeolicus,hycECB (-),HycE,WP_011973026.1,AF-A6UTS2-F1-F1,,"Fe(2+), Ni(2+), Mg2+",-,no,Fomenkov A. et al. 2023,https://www.frontiersin.org/journals/microbiology/articles/10.3389/fmicb.2023.1112734/full,">WP_011973026.1|Methanococcus aeolicus|4i|
MYEGEIAIGPIHSAILEPHRLRLFIEDEIIKDAELTIGVNHRGIERLMEGLPPEKATILTEKICGICSHIHLWSAVRVCEIGSDIEVPERANHIRVIVEELERLHSHTLLFGHAFEILGHETMSMRAFMLREPIMQTLFDISGSRVQYSCPIIGGIRPRCDIKDSQISAYLERMEKYEDALNKIIGRTINDPLLVSRMKDIGVLDRKTAAKYHALGPTARGSGIKSDMRKMGYVPEYDCFEFDEIILDDGDVYARVAVRFYECIESVKIIKQALKELPSLPEKFYNPNYEIKEFKPIDCYTEAQRGQQYYTYGVDNEGRVRQAKVRTPTATNLACMEEVLKDYHVSDAELIVASCDPCFTCTDRLIILREQNNK",
FeFe hydrogenases,Group A1,prototypical,H2-production,"Couples oxidation of ferredoxin to fermentative
or photobiological evolution of H2",hyd,cytoplasm,1.12.7.2 ,"PF02906,
PF02256,
PF12838,
PF13510",Clostridium pasteurianum,hydA (-),HydA,WP_004455619.1,6N59,"Asymmetric - C1 
Monomer - A1 ","
Fe4S4, Fe2S2",C5H8Fe2O7S2,no,"Artz J.H. et al., 2020",https://pubs.acs.org/doi/10.1021/jacs.9b08756,">WP_004455619.1 ferredoxin hydrogenase [Clostridium pasteurianum]
MKTIIINGVQFNTDEDTTILKFARDNNIDISALCFLNNCNNDINKCEICTVEVEGTGLVTACDTLIEDGM
IINTNSDAVNEKIKSRISQLLDIHEFKCGPCNRRENCEFLKLVIKYKARASKPFLPKDKTEYVDERSKSL
TVDRTKCLLCGRCVNACGKNTETYAMKFLNKNGKTIIGAEDEKCFDDTNCLLCGQCIIACPVAALSEKSH
MDRVKNALNAPEKHVIVAMAPSVRASIGELFNMGFGVDVTGKIYTALRQLGFDKIFDINFGADMTIMEEA
TELVQRIENNGPFPMFTSCCPGWVRQAENYYPELLNNLSSAKSPQQIFGTASKTYYPSISGLDPKNVFTV
TVMPCTSKKFEADRPQMEKDGLRDIDAVITTRELAKMIKDAKIPFAKLEDSEADPAMGEYSGAGAIFGAT
GGVMEAALRSAKDFAENAELEDIEYKQVRGLNGIKEAEVEINNNKYNVAVINGASNLFKFMKSGMINEKQ
YHFIEVMACHGGCVNGGGQPHVNPKDLEKVDIKKVRASVLYNQDEHLSKRKSHENTALVKMYQNYFGKPG
EGRAHEILHFKYKK",100%
FeFe hydrogenases,Group A2,"glutamate
synthase linked
(putative)",Unresolved/H2-uptake,"Unknown. Predicted to transfer electrons from H2
to NAD, generating reducing equivalents for
glutamate synthase",hyd,cytoplasm,-,"PF02906, PF02256",Adlercreutzia equolifaciens,hydFGEA (-),HydA,WP_022741745.1,-,,"
Fe4S4, Fe2S2",-,no,"Horner D.S. et al., 2000",https://academic.oup.com/mbe/article/17/11/1695/1168117?login=false,">WP_022741745.1 [FeFe] hydrogenase, group A [Adlercreutzia equolifaciens]
MVTITLNGQAVEVAEGSTLLEAATAAGVNIPTLCYLKDLNCIGSCRVCLVDVEGQGLVAACNTAAAEGMV
VRTDTPQVAAARRANLQAIMDDHRALCATCVRQDTCALRFLSSTFNLQDAGEALPVPEPWDATFPLQRDS
SKCIKCMRCVAICDKVQHCGVWDFTGAGPSMKVIVRDNLPIADAGCALCGQCITHCPTGALTARDDVSRI
MDAILDPAVETVVQVAPAVRAAWGEGVGLSRDEATPGRLAAALHAVGFDRVFDTDFAADLTIMEEGSEFV
EFLGSDAPRPMFTSCCPGWVRFVKQHYPQFTAQLSSAKSPHQMMGAVVKNTLAAEADEAGRRLFVVSIMP
CVAKKYECDVPELSTVVGATHGNGTSDANLAPDAPAAPELAAEATPDVDAVLTVREFGRLLRLVGVDCAA
LPEASFDSPLGLSTGAATIFGRTGGVMEAALRSAAYLITGENPDFSACDTTAATPETPWMSRELAIGDAT
VRIAVASGLENTSKLLDALESGEAAFDFVEIMACPGGCVGGGGQPIRFNSELAQTRAGVLNRLDAADKLR
YSHENPDIAKLYADWIGEPLSHTAHEWLHTDQESWKI",
FeFe hydrogenases,Group A3,bifurcating,Electron Bifurcation,"Reversibly bifurcates electrons from H2 to
ferredoxin and NAD in anaerobic bacteria",hyd,cytoplasm,1.12.1.4,"PF02906, PF02256, PF01257, PF13510 ",Thermotoga maritima,hydABG (-),HydA,WP_004081677.1,7P8N,"Cyclic - C2 
Hetero 6-mer - A2B2C2 ","Fe4S4, Fe2S2, Zn (2+)",C17H21N4O9P,no,Furlan C. et al. 2022,https://elifesciences.org/articles/79361,">WP_004081677.1 MULTISPECIES: 2Fe-2S iron-sulfur cluster-binding protein [Thermotoga]
MKIYVDGREVIINDNERNLLEALKNVGIEIPNLCYLSEASIYGACRMCLVEINGQITTSCTLKPYEGMKV
KTNTPEIYEMRRNILELILATHNRDCTTCDRNGSCKLQKYAEDFGIRKIRFEALKKEHVRDESAPVVRDT
SKCILCGDCVRVCEEIQGVGVIEFAKRGFESVVTTAFDTPLIETECVLCGQCVAYCPTGALSIRNDIDKL
IEALESDKIVIGMIAPAVRAAIQEEFGIDEDVAMAEKLVSFLKTIGFDKVFDVSFGADLVAYEEAHEFYE
RLKKGERLPQFTSCCPAWVKHAEHTYPQYLQNLSSVKSPQQALGTVIKKIYARKLGVPEEKIFLVSFMPC
TAKKFEAEREEHEGIVDIVLTTRELAQLIKMSRIDINRVEPQPFDRPYGVSSQAGLGFGKAGGVFSCVLS
VLNEEIGIEKVDVKSPEDGIRVAEVTLKDGTSFKGAVIYGLGKVKKFLEERKDVEIIEVMACNYGCVGGG
GQPYPNDSRIREHRAKVLRDTMGIKSLLTPVENLFLMKLYEEDLKDEHTRHEILHTTYRPRRRYPEKDVE
ILPVPNGEKRTVKVCLGTSCYTKGSYEILKKLVDYVKENDMEGKIEVLGTFCVENCGASPNVIVDDKIIG
GATFEKVLEELSKNG",
FeFe hydrogenases,Group A4,"formate dehydro-
genase linked",H2-production/Electron Bifurcation,"Couples formate oxidation to evolution of H2.
Some can also bifurcate electrons from H2 to ferredoxin and NADP",-,cytoplasm,1.12.7.2,"PF02906, PF00037",Rhodospirillum rubrum strain ATCC 11170,hydA (+),HydA,WP_011388063.1,AF_Q2RXN0-F1,,-,-,no,"Peters J.W. et al., 1998",https://www.science.org/doi/10.1126/science.282.5395.1853?url_ver=Z39.88-2003&rfr_id=ori:rid:crossref.org&rfr_dat=cr_pub%20%200pubmed,">WP_011388063.1 4Fe-4S binding protein [Rhodospirillum rubrum]
MSIQPTVTIDPELCTGCGRCVETCPVQAIAGSRGKAHEIEAAACVSCGRCVATCAAFDSIFDAFPTPRPV
RLKRRGLPGSLKEPLFAAHDPSRIEAVRKAFATPKRMTVMQVDTMACVALAEDFGLPPGSLSPLKIASAA
RQLGFDRVYRTSFPAGLAVLETAHEMAARLANGGNLPVINSSCPAVVAFLERRYPELLHYLSTVKSPHQI
AGALYNSYLADAANLAPANIHKVSVVACLSHKAEAERPEMMTCGCPDIDTVLTARELAILIKDAGIDVPL
LGDGEFDNDFPEIEGLDTLYCAPGDVSRAVLGAGRWFLGQGEGVGAPAGETVEVLDEATRLTRLAYPGGT
LQALTVAGFDKAVPYLEAIKAGRNAFQFLEIASCPQGCASGAGLPKVLLETEKPARYRARIENLPPAAPE
AWSRLPGHPSIVALYGGYFGKAIGDKSNRRLHTQYAEPAAAP",
FeFe hydrogenases,Group B,colonic,Unresolved/H2-production,"Unknown. May couple oxidation of ferredoxin to fermentative evolution
of H2",hydA,cytoplasm,1.12.7.2,"PF02906, PF00037",Lancefieldella parvula,hydA (+),HydA,WP_012808500.1,"        
AF_C8W9Q4-F1",,Fe4S4,-,no,"Copeland A. et al., 2009",https://environmentalmicrobiome.biomedcentral.com/articles/10.4056/sigs.29547,">WP_012808500.1 4Fe-4S dicluster domain-containing protein [Lancefieldella parvula]
MPGTMRGVYTNLTEIRRKVFKEVSTLAYEKADKSVDEIARQMEELPYKIIPGDIATYRESVFLERAIVGE
RIRMTMGMPMQGVDQPENISDGLEEASRPEVYYQPPLINIVKFACNACEDNVYRVTNACQGCLAHPCREI
CPKEAISFVDKKAYIDQEKCIQCGMCFKVCPYQAIHHHVRPCAAACGMDAIGSDEHGRADIDYEKCVSCG
QCLVNCPFGAIADKSQIFQVIQAINEGYTVVPIVAPSFVGQFGKGSVGRLREAFKEMGFAEVEEVATGAD
LCTVQEAEDFVKEVPDKLPFMGTSCCPSWSAMAKKEYPEHADAISMALTPMVLTARLVRKQNPESKIVFI
GPCTAKKLEALRRSVKSEVDFVLTFEELAGMMESKGIDYTKLDDDNSDFENASHDGRAFAVAGGVAGAVV
NVIHQKYPDKEVPIMAVDGLAECRAMLKDAVKGKYPGYLLEGMACPGGCVGGAGTLSAVNRAAAAVKRYA
KTASSEFASANKYNNLIPELAGTVSAEVEIAEVLEVQKPV",
FeFe hydrogenases,Group C1,histidine kinase-linked,Unresolved/Sensing,"Unknown. Predicted to sense H2,
induce cascades and modulate the activity of histidine kinases via redox changes",-,cytoplasm,-,"PF02906, PF13237, PF04060",Thermoanaerobacterium saccharolyticum JW/SL-YS485,hydA (+),HydA,WP_014758976.1,"AF_        
I3VX92-F1",,Fe4S4,-,no,"Peters J.W. et al., 1998",https://www.science.org/doi/10.1126/science.282.5395.1853?url_ver=Z39.88-2003&rfr_id=ori:rid:crossref.org&rfr_dat=cr_pub%20%200pubmed,">WP_014758976.1 MULTISPECIES: 4Fe-4S binding protein [Thermoanaerobacterium]
MYFHSVTLDRDRCKGCTNCIKRCPTEAIRVRDGKAKIIKEKCIDCGECVRVCPYHAKVVVTDDIGMMENY
KYRIALPAPSLYGQFKDMTIGDILASLQSCGFDEVFEVAYAADIVSYITRNIVKAKDYKRPIISSACPAI
VRLIQQRFPSLMDNILDIMPPVEVAGKIARDEAKKKTGLKDEEIGVFFVSPCAAKVTSVKNPIGIEKSYI
DGVFSMRDVYSMILDKRKFAEKKIEHTSSMIGVGWANAGGESYGTSLENCLFVDGIQNVIGVLEDIELGK
LDDIDFFEGLACVGGCVGGPLTVANNFIARNRIMKLKEKLNKDVSVKKYIAVDFHEFMLNVKLKKSDVLN
LDEDIDKAIDMMKSIDEIYKSLPGLDCGSCGSPGCRALAEDVVKGFASEYDCIFKLKDRIKILAEEINKL
SIKIPPVIGSDKEVKP",
FeFe hydrogenases,Group C2,Chemotactic,Unresolved/Sensing,        Unconfirmed role. May serve as H2-sensors in regulatory cascad O2-labilees. Enzyme predicted to transfer H2-liberated electrons to PAS domain. Associated redox change may modulate activity of associated methyl-accepting chemotaxis proteins or diguanylate cyclases in turn leading to regulation of cellular motility,hyd,membrane/cytoplasm,-,"PF02906,
PF12838,
PF04060,
PF00015",Roseburia hominis (isolate MGYG-HGUT-02517),hydA (-),HydA,WP_014080084.1,AF-G2SXD3-F1,,Fe4S4,Methyl-accepting transducer,no,"Travis AJKelly D. et al., 2015",https://journals.asm.org/doi/10.1128/genomea.01286-15,">WP_014080084.1|[Fe-Fe] hydrogenase large subunit C-terminal domain-containing protein [Roseburia hominis]|C2|[Fe-Fe] hydrogenase large subunit C-terminal domain-containing protein [Roseburia hominis]
MAGYVYTNENCIGCNRCISVCPVLTANQAVVVDGKPRIEVNHAQCINCGACFDACEHQAREYADDTEQFFADLQRGESISLLLAPAFLANYPREYEQILGGLRQMGAKRIISVSFGADITTWAYINYITKNQFTGGISQPCPAVVNYIEMYAPELLPKLMPVHSPMMCAAIYAKKYLHITDKLAFISPCIAKKNEISDPDTDGYVSYNVTFDHLMDYCRKHRISGPGVSDEIEYGLGSIYPMPGGLKENVYWFCGEDVFIRQIEGERHVYEFLDAYRKRVAEHKELPFMVDALNCAMGCIYGTGVEPEKTAGDDVLYELHKIREKSKKVKGPWARSATSKQRLAQLNRQFAQLEPADFTRRYTDRSKGNEIRVPEGQELEAVYSRLNKQTAMDRAIDCSACGYKTCRDMATAIYNGCNSENSCIHFIKNEAEERGRAAQAAAEESQQANVEIQRRSDLIAGIIEGLNSDFQELDSAIGQMAAGNSSNASESTAITDAMTGVTGFCQEMRQSFEAITELLDKLENNNNDITKIANQTNLLSLNASIEAARAGAAGRGFAVVAEEIKNLSENSRATANDSNDNKNEISQAIGKLLEESDHLTEIIREVDERMTNLAASTEEIAASTDSVKEISSDLKDKAAELMNM",
FeFe hydrogenases,Group C3,Phosphatase-linked,Unresolved/Sensing,Unconfirmed role. May serve as H2-sensors in regulatory cascades. Enzyme predicted to transfer H2-liberated electrons to PAS domain. Associated redox change may modulate activity of associated serine/threonine phosphatase or AAA-type ATPase domains. Members of this class are co-transcribed with fermentative hydrogenases and appear to regulate their transcription. 02-labile,hyp,cytoplasm,-,"PF02906,
PF13237,
PF04060",Clostridium sporogenes strain FDAARGOS_1532,hypECFDGA (-),HypA,WP_003493657.1,AF-A0A7U9GK79-F1,,2 x [4Fe4S] ferrodoxin-type clusters,PAS domain,no,"Bradbury MGreenfield P. et al., 2012",https://journals.asm.org/doi/10.1128/jb.06765-11,">WP_003493657.1|Clostridium sporogenes|C3|
MDYINFKKANCKNCYKCLRSCPVKAIKFNNHQAKIEMERCILCSRCVLVCPQNARKVVNYLDKVKKALNKKEKIVASIAPSFMGNFNVSHGKIVASLKSLGIKYAEETALGADITTKLYKSFIKENKQDYYITTACPSVNLLVEKYYPELVKYMLPFMSPMTCHGKILKTIYGEDSFTLFIGPCTAKKAEHENYNFENSIDAVLTYEEYLNLLKEYNICIENLESMEFDNKSLKLGSYYPMPGGIISNLKDELKDKNIKSFYVDGVYACMDIFESIKKGHIKNSFIEASACVGSCIGGPEVITNNHEYYNKLEKVQNYIENRQNYIKSYENKADKQNNLESSKLNFHRGFVDKSIDKEIQYEEQIKNILKSMGKYSKEDELNCGVCGYNTCIDKANAILDGMAEPEMCLHFMRSKAENISNIIFENTVNCIIMVDSKLNIIEINPAAEKTFMLEKNLVKNKPINFLIREEDFIKVKKNKNNILGKKITLNNYGLVFIESIIFIEKQNIFLLSLTDITEKEKNKKKLKTLKESSFSAAEEVIEKQMRVAQEIASLLGETTAETKITLTNLKRIVESSDDD",da approfondire
Fe hydrogenases,[Fe],"methenyl-
H4MPT dehydrogenase",Respiration,"Couples oxidation of H2 to reduction of 5,10-methenyltetrahydrometha-
nopterin in hydrogenotrophic methanogens. The reversible might occur in formatotrophic methanogens",hmd,cytoplasm,1.12.98.2,PF03201,Methanocaldococcus jannaschii DSM 2661,hmdAB (+),HmdA,WP_010870290.1,3F47,"Cyclic - C2 
Homo 2-mer - A2",Fe (2+),"C19H23N6O10P, CO",no,"Hiromoto T. et al, 2009",https://febs.onlinelibrary.wiley.com/doi/10.1016/j.febslet.2009.01.017,">WP_010870290.1 5,10-methenyltetrahydromethanopterin hydrogenase [Methanocaldococcus jannaschii]
MKIAILGAGCYRTHAAAGITNFMRACEVAKEVGKPEIALTHSSITYGAELLHLVPDVKEVIVSDPCFAEE
PGLVVIDEFDPKEVMEAHLSGNPESIMPKIREVVKAKAKELPKPPKACIHLVHPEDVGLKVTSDDREAVE
GADIVITWLPKGNKQPDIIKKFADAIPEGAIVTHACTIPTTKFAKIFKDLGREDLNITSYHPGCVPEMKG
QVYIAEGYASEEAVNKLYEIGKIARGKAFKMPANLIGPVCDMCSAVTATVYAGLLAYRDAVTKILGAPAD
FAQMMADEALTQIHNLMKEKGIANMEEALDPAALLGTADSMCFGPLAEILPTALKVLEKHKVVEEEGKTK
CEIMSQKE",100%